Method,Job,AnalyzeLaunchVariance,EvaluateOverhead,MaxAbsoluteError,MaxRelativeError,MinInvokeCount,MinIterationTime,OutlierMode,Affinity,EnvironmentVariables,Jit,LargeAddressAware,Platform,PowerPlanMode,Runtime,AllowVeryLargeObjects,Concurrent,CpuGroups,Force,HeapAffinitizeMask,HeapCount,NoAffinitize,RetainVm,Server,Arguments,BuildConfiguration,Clock,EngineFactory,NuGetReferences,Toolchain,IsMutator,InvocationCount,IterationCount,IterationTime,LaunchCount,MaxIterationCount,MaxWarmupIterationCount,MemoryRandomization,MinIterationCount,MinWarmupIterationCount,RunStrategy,UnrollFactor,WarmupCount,NumberOfPrices,RatioNumberOfPricesToUpdate,RatioNumberOfPricesToRemove,Mean,Error,StdDev,Gen0,Allocated
Initialize,DefaultJob,False,Default,Default,Default,Default,Default,Default,000000000000,Empty,RyuJit,Default,Arm64,8c5e7fda-e8bf-4a96-9a85-a6e23a8c635c,.NET 7.0,False,True,False,True,Default,Default,False,False,False,Default,Default,Default,Default,Default,Default,Default,Default,Default,Default,Default,Default,Default,Default,Default,Default,Default,16,Default,1024,0.25,0.0625,891.2 μs,3.06 μs,2.71 μs,1.9531,21025 B
Updates,DefaultJob,False,Default,Default,Default,Default,Default,Default,000000000000,Empty,RyuJit,Default,Arm64,8c5e7fda-e8bf-4a96-9a85-a6e23a8c635c,.NET 7.0,False,True,False,True,Default,Default,False,False,False,Default,Default,Default,Default,Default,Default,Default,Default,Default,Default,Default,Default,Default,Default,Default,Default,Default,16,Default,1024,0.25,0.0625,128.4 μs,0.20 μs,0.17 μs,0.0000,40 B
Initialize,DefaultJob,False,Default,Default,Default,Default,Default,Default,000000000000,Empty,RyuJit,Default,Arm64,8c5e7fda-e8bf-4a96-9a85-a6e23a8c635c,.NET 7.0,False,True,False,True,Default,Default,False,False,False,Default,Default,Default,Default,Default,Default,Default,Default,Default,Default,Default,Default,Default,Default,Default,Default,Default,16,Default,1024,0.25,0.125,887.6 μs,1.90 μs,1.69 μs,1.9531,21025 B
Updates,DefaultJob,False,Default,Default,Default,Default,Default,Default,000000000000,Empty,RyuJit,Default,Arm64,8c5e7fda-e8bf-4a96-9a85-a6e23a8c635c,.NET 7.0,False,True,False,True,Default,Default,False,False,False,Default,Default,Default,Default,Default,Default,Default,Default,Default,Default,Default,Default,Default,Default,Default,Default,Default,16,Default,1024,0.25,0.125,128.1 μs,0.21 μs,0.19 μs,0.0000,40 B
Initialize,DefaultJob,False,Default,Default,Default,Default,Default,Default,000000000000,Empty,RyuJit,Default,Arm64,8c5e7fda-e8bf-4a96-9a85-a6e23a8c635c,.NET 7.0,False,True,False,True,Default,Default,False,False,False,Default,Default,Default,Default,Default,Default,Default,Default,Default,Default,Default,Default,Default,Default,Default,Default,Default,16,Default,1024,0.5,0.0625,889.8 μs,2.13 μs,1.78 μs,1.9531,21025 B
Updates,DefaultJob,False,Default,Default,Default,Default,Default,Default,000000000000,Empty,RyuJit,Default,Arm64,8c5e7fda-e8bf-4a96-9a85-a6e23a8c635c,.NET 7.0,False,True,False,True,Default,Default,False,False,False,Default,Default,Default,Default,Default,Default,Default,Default,Default,Default,Default,Default,Default,Default,Default,Default,Default,16,Default,1024,0.5,0.0625,128.0 μs,0.32 μs,0.30 μs,0.0000,40 B
Initialize,DefaultJob,False,Default,Default,Default,Default,Default,Default,000000000000,Empty,RyuJit,Default,Arm64,8c5e7fda-e8bf-4a96-9a85-a6e23a8c635c,.NET 7.0,False,True,False,True,Default,Default,False,False,False,Default,Default,Default,Default,Default,Default,Default,Default,Default,Default,Default,Default,Default,Default,Default,Default,Default,16,Default,1024,0.5,0.125,888.3 μs,1.92 μs,1.79 μs,1.9531,21025 B
Updates,DefaultJob,False,Default,Default,Default,Default,Default,Default,000000000000,Empty,RyuJit,Default,Arm64,8c5e7fda-e8bf-4a96-9a85-a6e23a8c635c,.NET 7.0,False,True,False,True,Default,Default,False,False,False,Default,Default,Default,Default,Default,Default,Default,Default,Default,Default,Default,Default,Default,Default,Default,Default,Default,16,Default,1024,0.5,0.125,128.0 μs,0.17 μs,0.15 μs,0.0000,40 B
Initialize,DefaultJob,False,Default,Default,Default,Default,Default,Default,000000000000,Empty,RyuJit,Default,Arm64,8c5e7fda-e8bf-4a96-9a85-a6e23a8c635c,.NET 7.0,False,True,False,True,Default,Default,False,False,False,Default,Default,Default,Default,Default,Default,Default,Default,Default,Default,Default,Default,Default,Default,Default,Default,Default,16,Default,2048,0.25,0.0625,"1,813.9 μs",7.00 μs,6.55 μs,3.9063,40802 B
Updates,DefaultJob,False,Default,Default,Default,Default,Default,Default,000000000000,Empty,RyuJit,Default,Arm64,8c5e7fda-e8bf-4a96-9a85-a6e23a8c635c,.NET 7.0,False,True,False,True,Default,Default,False,False,False,Default,Default,Default,Default,Default,Default,Default,Default,Default,Default,Default,Default,Default,Default,Default,Default,Default,16,Default,2048,0.25,0.0625,128.1 μs,0.22 μs,0.20 μs,0.0000,40 B
Initialize,DefaultJob,False,Default,Default,Default,Default,Default,Default,000000000000,Empty,RyuJit,Default,Arm64,8c5e7fda-e8bf-4a96-9a85-a6e23a8c635c,.NET 7.0,False,True,False,True,Default,Default,False,False,False,Default,Default,Default,Default,Default,Default,Default,Default,Default,Default,Default,Default,Default,Default,Default,Default,Default,16,Default,2048,0.25,0.125,"1,818.3 μs",16.67 μs,13.92 μs,3.9063,40802 B
Updates,DefaultJob,False,Default,Default,Default,Default,Default,Default,000000000000,Empty,RyuJit,Default,Arm64,8c5e7fda-e8bf-4a96-9a85-a6e23a8c635c,.NET 7.0,False,True,False,True,Default,Default,False,False,False,Default,Default,Default,Default,Default,Default,Default,Default,Default,Default,Default,Default,Default,Default,Default,Default,Default,16,Default,2048,0.25,0.125,126.9 μs,0.32 μs,0.27 μs,0.0000,40 B
Initialize,DefaultJob,False,Default,Default,Default,Default,Default,Default,000000000000,Empty,RyuJit,Default,Arm64,8c5e7fda-e8bf-4a96-9a85-a6e23a8c635c,.NET 7.0,False,True,False,True,Default,Default,False,False,False,Default,Default,Default,Default,Default,Default,Default,Default,Default,Default,Default,Default,Default,Default,Default,Default,Default,16,Default,2048,0.5,0.0625,"1,853.2 μs",22.80 μs,20.22 μs,3.9063,40802 B
Updates,DefaultJob,False,Default,Default,Default,Default,Default,Default,000000000000,Empty,RyuJit,Default,Arm64,8c5e7fda-e8bf-4a96-9a85-a6e23a8c635c,.NET 7.0,False,True,False,True,Default,Default,False,False,False,Default,Default,Default,Default,Default,Default,Default,Default,Default,Default,Default,Default,Default,Default,Default,Default,Default,16,Default,2048,0.5,0.0625,127.8 μs,1.03 μs,0.91 μs,0.0000,40 B
Initialize,DefaultJob,False,Default,Default,Default,Default,Default,Default,000000000000,Empty,RyuJit,Default,Arm64,8c5e7fda-e8bf-4a96-9a85-a6e23a8c635c,.NET 7.0,False,True,False,True,Default,Default,False,False,False,Default,Default,Default,Default,Default,Default,Default,Default,Default,Default,Default,Default,Default,Default,Default,Default,Default,16,Default,2048,0.5,0.125,"1,844.9 μs",8.56 μs,7.59 μs,3.9063,40802 B
Updates,DefaultJob,False,Default,Default,Default,Default,Default,Default,000000000000,Empty,RyuJit,Default,Arm64,8c5e7fda-e8bf-4a96-9a85-a6e23a8c635c,.NET 7.0,False,True,False,True,Default,Default,False,False,False,Default,Default,Default,Default,Default,Default,Default,Default,Default,Default,Default,Default,Default,Default,Default,Default,Default,16,Default,2048,0.5,0.125,128.4 μs,1.29 μs,1.20 μs,0.0000,40 B
